 <annotation>
	<folder>train</folder>
	<filename>0000b9115cdf1e54.jpg</filename>
	<path>/train/0000b9115cdf1e54.jpg</path>
	<source>
		<database>Unspecified</database>
	</source>
	<size>
		<width>4096</width>
		<height>2160</height>
		<depth>3</depth>
	</size>
	<object>
		<name>train</name>
		<pose>Unspecified</pose>
		<truncated>Unspecified</truncated>
		<difficult>Unspecified</difficult>
		<bndbox>
			<xmin>97.999872</xmin>
			<ymin>382.000128</ymin>
			<xmax>723.9997440000001</xmax>
			<ymax>729.000192</ymax>
		</bndbox>
	</object>
</annotation>
