<annotation>
	<folder>train</folder>
	<filename>000ad20b5e452b24.jpg</filename>
	<path>/train/000ad20b5e452b24.jpg</path>
	<source>
		<database>Unspecified</database>
	</source>
	<size>
		<width>4096</width>
		<height>2160</height>
		<depth>3</depth>
	</size>
	<object>
		<name>train</name>
		<pose>Unspecified</pose>
		<truncated>Unspecified</truncated>
		<difficult>Unspecified</difficult>
		<bndbox>
			<xmin>0.0</xmin>
			<ymin>196.800512</ymin>
			<xmax>617.6</xmax>
			<ymax>939.2005119999999</ymax>
		</bndbox>
	</object>
    <object>
		<name>train</name>
		<pose>Unspecified</pose>
		<truncated>Unspecified</truncated>
		<difficult>Unspecified</difficult>
		<bndbox>
			<xmin>417.60051200000004</xmin>
			<ymin>137.6</ymin>
			<xmax>1022.4005119999999</xmax>
			<ymax>940.8</ymax>
		</bndbox>
	</object>
</annotation>