<annotation>
	<folder>train</folder>
	<filename>000f78a66fd29c49.jpg</filename>
	<path>/train/000f78a66fd29c49.jpg</path>
	<source>
		<database>Unspecified</database>
	</source>
	<size>
		<width>4096</width>
		<height>2160</height>
		<depth>3</depth>
	</size>
	<object>
		<name>train</name>
		<pose>Unspecified</pose>
		<truncated>Unspecified</truncated>
		<difficult>Unspecified</difficult>
		<bndbox>
			<xmin>10.671875</xmin>
			<ymin>0.0</ymin>
			<xmax>683.0</xmax>
			<ymax>957.867008</ymax>
		</bndbox>
	</object>
</annotation>