<annotation>
	<folder>train</folder>
	<filename>000f9ebbd5fc3745.jpg</filename>
	<path>/train/000f9ebbd5fc3745.jpg</path>
	<source>
		<database>Unspecified</database>
	</source>
	<size>
		<width>4096</width>
		<height>2160</height>
		<depth>3</depth>
	</size>
	<object>
		<name>train</name>
		<pose>Unspecified</pose>
		<truncated>Unspecified</truncated>
		<difficult>Unspecified</difficult>
		<bndbox>
			<xmin>195.2</xmin>
			<ymin>38.377511999999996</ymin>
			<xmax>910.4005119999999</xmax>
			<ymax>657.21252</ymax>
		</bndbox>
	</object>
</annotation>