<annotation>
	<folder>train</folder>
	<filename>00a80adc49db1659.jpg</filename>
	<path>/train/00a80adc49db1659.jpg</path>
	<source>
		<database>Unspecified</database>
	</source>
	<size>
		<width>4096</width>
		<height>2160</height>
		<depth>3</depth>
	</size>
	<object>
		<name>train</name>
		<pose>Unspecified</pose>
		<truncated>Unspecified</truncated>
		<difficult>Unspecified</difficult>
		<bndbox>
			<xmin>92.799744</xmin>
			<ymin>254.08</ymin>
			<xmax>353.28000000000003</xmax>
			<ymax>717.44</ymax>
		</bndbox>
	</object>
    <object>
		<name>train</name>
		<pose>Unspecified</pose>
		<truncated>Unspecified</truncated>
		<difficult>Unspecified</difficult>
		<bndbox>
			<xmin>371.199744</xmin>
			<ymin>259.2</ymin>
			<xmax>602.240256</xmax>
			<ymax>757.76</ymax>
		</bndbox>
	</object>
</annotation>
