<annotation>
	<folder>train</folder>
	<filename>00ab54fd19bfc646.jpg</filename>
	<path>/train/00ab54fd19bfc646.jpg</path>
	<source>
		<database>Unspecified</database>
	</source>
	<size>
		<width>4096</width>
		<height>2160</height>
		<depth>3</depth>
	</size>
	<object>
		<name>train</name>
		<pose>Unspecified</pose>
		<truncated>Unspecified</truncated>
		<difficult>Unspecified</difficult>
		<bndbox>
			<xmin>75.52</xmin>
			<ymin>0.0</ymin>
			<xmax>972.8</xmax>
			<ymax>767.360256</ymax>
		</bndbox>
	</object>
</annotation>