<annotation>
	<folder>train</folder>
	<filename>00af8ab063fb1cf0.jpg</filename>
	<path>/train/00af8ab063fb1cf0.jpg</path>
	<source>
		<database>Unspecified</database>
	</source>
	<size>
		<width>4096</width>
		<height>2160</height>
		<depth>3</depth>
	</size>
	<object>
		<name>train</name>
		<pose>Unspecified</pose>
		<truncated>Unspecified</truncated>
		<difficult>Unspecified</difficult>
		<bndbox>
			<xmin>42.24</xmin>
			<ymin>51.84</ymin>
			<xmax>951.04</xmax>
			<ymax>697.599744</ymax>
		</bndbox>
	</object>
</annotation>
