<annotation>
	<folder>train</folder>
	<filename>00b4c6fb8ebb3f42.jpg</filename>
	<path>/train/00b4c6fb8ebb3f42.jpg</path>
	<source>
		<database>Unspecified</database>
	</source>
	<size>
		<width>4096</width>
		<height>2160</height>
		<depth>3</depth>
	</size>
	<object>
		<name>train</name>
		<pose>Unspecified</pose>
		<truncated>Unspecified</truncated>
		<difficult>Unspecified</difficult>
		<bndbox>
			<xmin>258.56</xmin>
			<ymin>62.14890200000001</ymin>
			<xmax>885.12</xmax>
			<ymax>608.6773059999999</ymax>
		</bndbox>
	</object>
</annotation>