0    
 <annotation>
	<folder>train</folder>
	<filename>00ba4f8b91d01af2.jpg</filename>
	<path>/train/00ba4f8b91d01af2.jpg</path>
	<source>
		<database>Unspecified</database>
	</source>
	<size>
		<width>4096</width>
		<height>2160</height>
		<depth>3</depth>
	</size>
	<object>
		<name>train</name>
		<pose>Unspecified</pose>
		<truncated>Unspecified</truncated>
		<difficult>Unspecified</difficult>
		<bndbox>
			<xmin>360.32</xmin>
			<ymin>67.274817</ymin>
			<xmax>558.08</xmax>
			<ymax>413.260078</ymax>
		</bndbox>
	</object>
</annotation>
