<annotation>
	<folder>train</folder>
	<filename>00c1c81c16f2fc9a.jpg</filename>
	<path>/train/00c1c81c16f2fc9a.jpg</path>
	<source>
		<database>Unspecified</database>
	</source>
	<size>
		<width>4096</width>
		<height>2160</height>
		<depth>3</depth>
	</size>
	<object>
		<name>train</name>
		<pose>Unspecified</pose>
		<truncated>Unspecified</truncated>
		<difficult>Unspecified</difficult>
		<bndbox>
			<xmin>11.377664</xmin>
			<ymin>101.21313299999998</ymin>
			<xmax>702.009344</xmax>
			<ymax>636.846522</ymax>
		</bndbox>
	</object>
</annotation>
