<annotation>
	<folder>train</folder>
	<filename>00c68c590d7e3ec0.jpg</filename>
	<path>/train/00c68c590d7e3ec0.jpg</path>
	<source>
		<database>Unspecified</database>
	</source>
	<size>
		<width>4096</width>
		<height>2160</height>
		<depth>3</depth>
	</size>
	<object>
		<name>train</name>
		<pose>Unspecified</pose>
		<truncated>Unspecified</truncated>
		<difficult>Unspecified</difficult>
		<bndbox>
			<xmin>14.72</xmin>
			<ymin>624.0</ymin>
			<xmax>138.88</xmax>
			<ymax>757.760256</ymax>
		</bndbox>
	</object>
</annotation>
