<annotation>
	<folder>train</folder>
	<filename>00cc9bed90c4ec30.jpg</filename>
	<path>/train/00cc9bed90c4ec30.jpg</path>
	<source>
		<database>Unspecified</database>
	</source>
	<size>
		<width>4096</width>
		<height>2160</height>
		<depth>3</depth>
	</size>
	<object>
		<name>train</name>
		<pose>Unspecified</pose>
		<truncated>Unspecified</truncated>
		<difficult>Unspecified</difficult>
		<bndbox>
			<xmin>128.0</xmin>
			<ymin>461.15724</ymin>
			<xmax>229.76</xmax>
			<ymax>661.63269</ymax>
		</bndbox>
	</object>
    <object>
		<name>train</name>
		<pose>Unspecified</pose>
		<truncated>Unspecified</truncated>
		<difficult>Unspecified</difficult>
		<bndbox>
			<xmin>280.32</xmin>
			<ymin>633.44997</ymin>
			<xmax>339.2</xmax>
			<ymax>720.55749</ymax>
		</bndbox>
	</object>
</annotation>
