<annotation>
	<folder>train</folder>
	<filename>00cdc43ad4fcf494.jpg</filename>
	<path>/train/00cdc43ad4fcf494.jpg</path>
	<source>
		<database>Unspecified</database>
	</source>
	<size>
		<width>4096</width>
		<height>2160</height>
		<depth>3</depth>
	</size>
	<object>
		<name>train</name>
		<pose>Unspecified</pose>
		<truncated>Unspecified</truncated>
		<difficult>Unspecified</difficult>
		<bndbox>
			<xmin>766.72</xmin>
			<ymin>301.13538300000005</ymin>
			<xmax>924.8</xmax>
			<ymax>599.707467</ymax>
		</bndbox>
	</object>
</annotation>
