<annotation>
	<folder>train</folder>
	<filename>00cd1061b911c2aa.jpg</filename>
	<path>/train/00cd1061b911c2aa.jpg</path>
	<source>
		<database>Unspecified</database>
	</source>
	<size>
		<width>4096</width>
		<height>2160</height>
		<depth>3</depth>
	</size>
	<object>
		<name>train</name>
		<pose>Unspecified</pose>
		<truncated>Unspecified</truncated>
		<difficult>Unspecified</difficult>
		<bndbox>
			<xmin>313.12384</xmin>
			<ymin>229.39074499999998</ymin>
			<xmax>629.4210559999999</xmax>
			<ymax>449.26684</ymax>
		</bndbox>
	</object>
</annotation>
