<annotation>
	<folder>train</folder>
	<filename>00d168fbb8a96a7d.jpg</filename>
	<path>/train/00d168fbb8a96a7d.jpg</path>
	<source>
		<database>Unspecified</database>
	</source>
	<size>
		<width>4096</width>
		<height>2160</height>
		<depth>3</depth>
	</size>
	<object>
		<name>train</name>
		<pose>Unspecified</pose>
		<truncated>Unspecified</truncated>
		<difficult>Unspecified</difficult>
		<bndbox>
			<xmin>1.92</xmin>
			<ymin>0.0</ymin>
			<xmax>126.08</xmax>
			<ymax>297.168588</ymax>
		</bndbox>
	</object>
    <object>
		<name>train</name>
		<pose>Unspecified</pose>
		<truncated>Unspecified</truncated>
		<difficult>Unspecified</difficult>
		<bndbox>
			<xmin>435.2</xmin>
			<ymin>0.0</ymin>
			<xmax>601.6</xmax>
			<ymax>263.224404</ymax>
		</bndbox>
	</object>
    <object>
		<name>train</name>
		<pose>Unspecified</pose>
		<truncated>Unspecified</truncated>
		<difficult>Unspecified</difficult>
		<bndbox>
			<xmin>880.64</xmin>
			<ymin>0.0</ymin>
			<xmax>1023.36</xmax>
			<ymax>251.696952</ymax>
		</bndbox>
	</object>
    
</annotation>