<annotation>
	<folder>train</folder>
	<filename>00d7e221b663f166.jpg</filename>
	<path>/train/00d7e221b663f166.jpg</path>
	<source>
		<database>Unspecified</database>
	</source>
	<size>
		<width>4096</width>
		<height>2160</height>
		<depth>3</depth>
	</size>
	<object>
		<name>train</name>
		<pose>Unspecified</pose>
		<truncated>Unspecified</truncated>
		<difficult>Unspecified</difficult>
		<bndbox>
			<xmin>100.825088</xmin>
			<ymin>64.57807</ymin>
			<xmax>280.418304</xmax>
			<ymax>445.74742900000007</ymax>
		</bndbox>
	</object>
    <object>
		<name>train</name>
		<pose>Unspecified</pose>
		<truncated>Unspecified</truncated>
		<difficult>Unspecified</difficult>
		<bndbox>
			<xmin>239.458304</xmin>
			<ymin>50.402348</ymin>
			<xmax>396.996608</xmax>
			<ymax>390.61967599999997</ymax>
		</bndbox>
	</object>
    <object>
		<name>train</name>
		<pose>Unspecified</pose>
		<truncated>Unspecified</truncated>
		<difficult>Unspecified</difficult>
		<bndbox>
			<xmin>362.338304</xmin>
			<ymin>34.651984</ymin>
			<xmax>504.12339199999997</xmax>
			<ymax>344.942733</ymax>
		</bndbox>
	</object>
    <object>
		<name>train</name>
		<pose>Unspecified</pose>
		<truncated>Unspecified</truncated>
		<difficult>Unspecified</difficult>
		<bndbox>
			<xmin>579.741696</xmin>
			<ymin>100.805189</ymin>
			<xmax>931.0525439999999</xmax>
			<ymax>366.993637</ymax>
		</bndbox>
	</object>
</annotation>
