<annotation>
	<folder>train</folder>
	<filename>00d8c28fd20b58c8.jpg</filename>
	<path>/train/00d8c28fd20b58c8.jpg</path>
	<source>
		<database>Unspecified</database>
	</source>
	<size>
		<width>4096</width>
		<height>2160</height>
		<depth>3</depth>
	</size>
	<object>
		<name>train</name>
		<pose>Unspecified</pose>
		<truncated>Unspecified</truncated>
		<difficult>Unspecified</difficult>
		<bndbox>
			<xmin>56.32</xmin>
			<ymin>31.979774999999997</ymin>
			<xmax>919.68</xmax>
			<ymax>564.12675</ymax>
		</bndbox>
	</object>
</annotation>