<annotation>
	<folder>train</folder>
	<filename>00db1476fec3e722.jpg</filename>
	<path>/train/00db1476fec3e722.jpg</path>
	<source>
		<database>Unspecified</database>
	</source>
	<size>
		<width>4096</width>
		<height>2160</height>
		<depth>3</depth>
	</size>
	<object>
		<name>train</name>
		<pose>Unspecified</pose>
		<truncated>Unspecified</truncated>
		<difficult>Unspecified</difficult>
		<bndbox>
			<xmin>0.0</xmin>
			<ymin>144.54733</ymin>
			<xmax>969.6</xmax>
			<ymax>642.786875</ymax>
		</bndbox>
	</object>
</annotation>