<annotation>
	<folder>train</folder>
	<filename>00dd2099c28f04f2.jpg</filename>
	<path>/train/00dd2099c28f04f2.jpg</path>
	<source>
		<database>Unspecified</database>
	</source>
	<size>
		<width>4096</width>
		<height>2160</height>
		<depth>3</depth>
	</size>
	<object>
		<name>train</name>
		<pose>Unspecified</pose>
		<truncated>Unspecified</truncated>
		<difficult>Unspecified</difficult>
		<bndbox>
			<xmin>112.64</xmin>
			<ymin>0.0</ymin>
			<xmax>1023.36</xmax>
			<ymax>595.46784</ymax>
		</bndbox>
	</object>
</annotation>
