<annotation>
	<folder>train</folder>
	<filename>00e3bf5e2d0f4368.jpg</filename>
	<path>/train/00e3bf5e2d0f4368.jpg</path>
	<source>
		<database>Unspecified</database>
	</source>
	<size>
		<width>4096</width>
		<height>2160</height>
		<depth>3</depth>
	</size>
	<object>
		<name>train</name>
		<pose>Unspecified</pose>
		<truncated>Unspecified</truncated>
		<difficult>Unspecified</difficult>
		<bndbox>
			<xmin>189.155328</xmin>
			<ymin>354.03108599999996</ymin>
			<xmax>453.68934400000006</xmax>
			<ymax>580.098646</ymax>
		</bndbox>
	</object>
</annotation>