<annotation>
	<folder>train</folder>
	<filename>00e4fade047a23f5.jpg</filename>
	<path>/train/00e4fade047a23f5.jpg</path>
	<source>
		<database>Unspecified</database>
	</source>
	<size>
		<width>4096</width>
		<height>2160</height>
		<depth>3</depth>
	</size>
	<object>
		<name>train</name>
		<pose>Unspecified</pose>
		<truncated>Unspecified</truncated>
		<difficult>Unspecified</difficult>
		<bndbox>
			<xmin>202.24</xmin>
			<ymin>90.9228</ymin>
			<xmax>879.36</xmax>
			<ymax>678.71956</ymax>
		</bndbox>
	</object>
</annotation>
