<annotation>
	<folder>train</folder>
	<filename>00edf9853ba1ac44.jpg</filename>
	<path>/train/00edf9853ba1ac44.jpg</path>
	<source>
		<database>Unspecified</database>
	</source>
	<size>
		<width>4096</width>
		<height>2160</height>
		<depth>3</depth>
	</size>
	<object>
		<name>train</name>
		<pose>Unspecified</pose>
		<truncated>Unspecified</truncated>
		<difficult>Unspecified</difficult>
		<bndbox>
			<xmin>12.8</xmin>
			<ymin>10.251648</ymin>
			<xmax>513.92</xmax>
			<ymax>521.539776</ymax>
		</bndbox>
	</object>
    <object>
		<name>train</name>
		<pose>Unspecified</pose>
		<truncated>Unspecified</truncated>
		<difficult>Unspecified</difficult>
		<bndbox>
			<xmin>536.96</xmin>
			<ymin>7.047936</ymin>
			<xmax>1018.24</xmax>
			<ymax>536.27616</ymax>
		</bndbox>
	</object>
</annotation>