<annotation>
	<folder>train</folder>
	<filename>00efd05559c5d28c.jpg</filename>
	<path>/train/00efd05559c5d28c.jpg</path>
	<source>
		<database>Unspecified</database>
	</source>
	<size>
		<width>4096</width>
		<height>2160</height>
		<depth>3</depth>
	</size>
	<object>
		<name>train</name>
		<pose>Unspecified</pose>
		<truncated>Unspecified</truncated>
		<difficult>Unspecified</difficult>
		<bndbox>
			<xmin>32.0</xmin>
			<ymin>25.999886000000004</ymin>
			<xmax>453.00019199999997</xmax>
			<ymax>420.00015199999996</ymax>
		</bndbox>
	</object>
    <object>
		<name>train</name>
		<pose>Unspecified</pose>
		<truncated>Unspecified</truncated>
		<difficult>Unspecified</difficult>
		<bndbox>
			<xmin>330.99980800000003</xmin>
			<ymin>205.000334</ymin>
			<xmax>986.0003839999999</xmax>
			<ymax>656.9999260000001</ymax>
		</bndbox>
	</object>
</annotation>
